{ "compressionlevel":-1,
 "height":11,
 "infinite":false,
 "layers":[
        {
         "compression":"zlib",
         "data":"eJyLZmBgiCYDc+PAEljEkPUoATEvELsDsRkQM0PZIOwIpdH1xEBpbyQzzZHY2PS448DcaGxkPV5Y3A6zkxeHf2BYB4iD8NiJrMcBiz0w\/5jgsMcdGg7oZivhsYdYTE78gzAAVFgc2Q==",
         "encoding":"base64",
         "height":11,
         "id":1,
         "name":"Tile Layer 1",
         "opacity":1,
         "type":"tilelayer",
         "visible":true,
         "width":13,
         "x":0,
         "y":0
        }],
 "nextlayerid":2,
 "nextobjectid":1,
 "orientation":"orthogonal",
 "renderorder":"right-down",
 "tiledversion":"1.10.1",
 "tileheight":32,
 "tilesets":[
        {
         "firstgid":1,
         "source":"tileset.tsj"
        }],
 "tilewidth":32,
 "type":"map",
 "version":"1.10",
 "width":13
}