{ "compressionlevel":-1,
 "height":11,
 "infinite":false,
 "layers":[
        {
         "compression":"zlib",
         "data":"eJyLZmBgiCYDu0MxNxbsjoR10PQgq3FAU49sBkwPupkwfgyaOB+aHmT1yO4xRzMH3T8gzIzGh6k1w+I2XPYguxubfxyxmCuBRw82s7mh\/gHRvGh6lND0wMIbXcydxHhHxgC1+SAX",
         "encoding":"base64",
         "height":11,
         "id":1,
         "name":"Tile Layer 1",
         "opacity":1,
         "type":"tilelayer",
         "visible":true,
         "width":13,
         "x":0,
         "y":0
        }],
 "nextlayerid":2,
 "nextobjectid":1,
 "orientation":"orthogonal",
 "renderorder":"right-down",
 "tiledversion":"1.10.1",
 "tileheight":32,
 "tilesets":[
        {
         "firstgid":1,
         "source":"tileset.tsj"
        }, 
        {
         "firstgid":192,
         "source":"tileset_player.tsj"
        }],
 "tilewidth":32,
 "type":"map",
 "version":"1.10",
 "width":13
}