{ "compressionlevel":-1,
 "height":11,
 "infinite":false,
 "layers":[
        {
         "compression":"zlib",
         "data":"eJyLZmBgiCYDc5OAkfU4ALE7EDtCaZCYBJQG8XWw6HFHUguiY9D47lj0eCPZD5NnhtImONzmTgRG1wPDvGh2gbA5EfbA+N4E7FFCkmPG4n8vPG4jNn5IxQD8RB1t",
         "encoding":"base64",
         "height":11,
         "id":1,
         "name":"Tile Layer 1",
         "opacity":1,
         "type":"tilelayer",
         "visible":true,
         "width":13,
         "x":0,
         "y":0
        }],
 "nextlayerid":2,
 "nextobjectid":1,
 "orientation":"orthogonal",
 "renderorder":"right-down",
 "tiledversion":"1.10.1",
 "tileheight":32,
 "tilesets":[
        {
         "firstgid":1,
         "source":"tileset.tsj"
        }, 
        {
         "firstgid":101,
         "source":"tileset_player.tsj"
        }],
 "tilewidth":32,
 "type":"map",
 "version":"1.10",
 "width":13
}