{ "compressionlevel":-1,
 "height":11,
 "infinite":false,
 "layers":[
        {
         "compression":"zlib",
         "data":"eJyLZmBgiCYDcyNhLyA2A2IHKF8CiN2BmA\/KR9YDEteC0jBsjsbHpgdEi0HpIDT78elxx4Jj8OhBdwcyWwuLHl4oHYPDTYTs8QZiHSzi6HrM0cwjxh4JJDlmIFaChiG6GeTEPwgDALP1Hxk=",
         "encoding":"base64",
         "height":11,
         "id":1,
         "name":"Tile Layer 1",
         "opacity":1,
         "type":"tilelayer",
         "visible":true,
         "width":13,
         "x":0,
         "y":0
        }],
 "nextlayerid":2,
 "nextobjectid":1,
 "orientation":"orthogonal",
 "renderorder":"right-down",
 "tiledversion":"1.10.1",
 "tileheight":32,
 "tilesets":[
        {
         "firstgid":1,
         "source":"tileset.tsj"
        }],
 "tilewidth":32,
 "type":"map",
 "version":"1.10",
 "width":13
}