{ "compressionlevel":-1,
 "height":11,
 "infinite":false,
 "layers":[
        {
         "compression":"zlib",
         "data":"eJydkb0OgCAMhImODczOzs66ytQEHwHf\/zksSUkuF1wYvjSUO\/pDDSHUCXbjMZQQjxFy3SNOIS16hTy3cQ00K+nREyFffuqc5NmMPOhDfE4BeJ6uRT\/WS+Bp58M1id5\/PWaqswx6Ut+Bwn42qqMwZ9+7+E4F7mf+v\/EBFisgiA==",
         "encoding":"base64",
         "height":11,
         "id":1,
         "name":"Tile Layer 1",
         "opacity":1,
         "type":"tilelayer",
         "visible":true,
         "width":13,
         "x":0,
         "y":0
        }],
 "nextlayerid":2,
 "nextobjectid":1,
 "orientation":"orthogonal",
 "renderorder":"right-down",
 "tiledversion":"1.10.1",
 "tileheight":32,
 "tilesets":[
        {
         "firstgid":1,
         "source":"tileset.tsj"
        }],
 "tilewidth":32,
 "type":"map",
 "version":"1.10",
 "width":13
}